run_id,section,id,config,vd,metric,unit,repeat_n,value_raw,median,delta_vs,delta,verdict,notes
RUN,info,date|commit|client_hw|server_cpu|dayz_build|limitFPS|noise_band|site_T|time_weather|probe_build,,,,,,,,,,,
,client,Q1,A,VD1,avg_frame,ms,1,,,,,,
,client,Q1,A,VD1,avg_frame,ms,2,,,,,,
,client,Q1,A,VD1,avg_frame,ms,3,,,,,,
,client,Q1,A,VD1,low1pct_frame,ms,1,,,,,,
,client,Q1,A,VD1,low1pct_frame,ms,2,,,,,,
,client,Q1,A,VD1,low1pct_frame,ms,3,,,,,,
,client,Q1,A,VD2,avg_frame,ms,1,,,,,,
,client,Q1,A,VD2,avg_frame,ms,2,,,,,,
,client,Q1,A,VD2,avg_frame,ms,3,,,,,,
,client,Q1,A,VD2,low1pct_frame,ms,1,,,,,,
,client,Q1,A,VD2,low1pct_frame,ms,2,,,,,,
,client,Q1,A,VD2,low1pct_frame,ms,3,,,,,,
,client,Q1,B,VD1,avg_frame,ms,1,,,,,,
,client,Q1,B,VD1,avg_frame,ms,2,,,,,,
,client,Q1,B,VD1,avg_frame,ms,3,,,,,,
,client,Q1,B,VD1,low1pct_frame,ms,1,,,,,,
,client,Q1,B,VD1,low1pct_frame,ms,2,,,,,,
,client,Q1,B,VD1,low1pct_frame,ms,3,,,,,,
,client,Q1,B,VD2,avg_frame,ms,1,,,,,,
,client,Q1,B,VD2,avg_frame,ms,2,,,,,,
,client,Q1,B,VD2,avg_frame,ms,3,,,,,,
,client,Q1,B,VD2,low1pct_frame,ms,1,,,,,,
,client,Q1,B,VD2,low1pct_frame,ms,2,,,,,,
,client,Q1,B,VD2,low1pct_frame,ms,3,,,,,,
,client,Q1,D,VD1,avg_frame,ms,1,,,,,,
,client,Q1,D,VD1,avg_frame,ms,2,,,,,,
,client,Q1,D,VD1,avg_frame,ms,3,,,,,,
,client,Q1,D,VD1,low1pct_frame,ms,1,,,,,,
,client,Q1,D,VD1,low1pct_frame,ms,2,,,,,,
,client,Q1,D,VD1,low1pct_frame,ms,3,,,,,,
,client,Q1,D,VD2,avg_frame,ms,1,,,,,,
,client,Q1,D,VD2,avg_frame,ms,2,,,,,,
,client,Q1,D,VD2,avg_frame,ms,3,,,,,,
,client,Q1,D,VD2,low1pct_frame,ms,1,,,,,,
,client,Q1,D,VD2,low1pct_frame,ms,2,,,,,,
,client,Q1,D,VD2,low1pct_frame,ms,3,,,,,,
,client,Q1,D0,VD1,avg_frame,ms,1,,,,,,
,client,Q1,D0,VD1,avg_frame,ms,2,,,,,,
,client,Q1,D0,VD1,avg_frame,ms,3,,,,,,
,client,Q1,D0,VD1,low1pct_frame,ms,1,,,,,,
,client,Q1,D0,VD1,low1pct_frame,ms,2,,,,,,
,client,Q1,D0,VD1,low1pct_frame,ms,3,,,,,,
,client,Q1,D0,VD2,avg_frame,ms,1,,,,,,
,client,Q1,D0,VD2,avg_frame,ms,2,,,,,,
,client,Q1,D0,VD2,avg_frame,ms,3,,,,,,
,client,Q1,D0,VD2,low1pct_frame,ms,1,,,,,,
,client,Q1,D0,VD2,low1pct_frame,ms,2,,,,,,
,client,Q1,D0,VD2,low1pct_frame,ms,3,,,,,,
,client,Q1,D-dec,VD1,avg_frame,ms,1,,,,,,
,client,Q1,D-dec,VD1,avg_frame,ms,2,,,,,,
,client,Q1,D-dec,VD1,avg_frame,ms,3,,,,,,
,client,Q1,D-dec,VD1,low1pct_frame,ms,1,,,,,,
,client,Q1,D-dec,VD1,low1pct_frame,ms,2,,,,,,
,client,Q1,D-dec,VD1,low1pct_frame,ms,3,,,,,,
,client,Q1,D-dec,VD2,avg_frame,ms,1,,,,,,
,client,Q1,D-dec,VD2,avg_frame,ms,2,,,,,,
,client,Q1,D-dec,VD2,avg_frame,ms,3,,,,,,
,client,Q1,D-dec,VD2,low1pct_frame,ms,1,,,,,,
,client,Q1,D-dec,VD2,low1pct_frame,ms,2,,,,,,
,client,Q1,D-dec,VD2,low1pct_frame,ms,3,,,,,,
,client,Q1,E,VD1,avg_frame,ms,1,,,,,,
,client,Q1,E,VD1,avg_frame,ms,2,,,,,,
,client,Q1,E,VD1,avg_frame,ms,3,,,,,,
,client,Q1,E,VD1,low1pct_frame,ms,1,,,,,,
,client,Q1,E,VD1,low1pct_frame,ms,2,,,,,,
,client,Q1,E,VD1,low1pct_frame,ms,3,,,,,,
,client,Q1,E,VD2,avg_frame,ms,1,,,,,,
,client,Q1,E,VD2,avg_frame,ms,2,,,,,,
,client,Q1,E,VD2,avg_frame,ms,3,,,,,,
,client,Q1,E,VD2,low1pct_frame,ms,1,,,,,,
,client,Q1,E,VD2,low1pct_frame,ms,2,,,,,,
,client,Q1,E,VD2,low1pct_frame,ms,3,,,,,,
,client,Q2,D,VD1,avg_frame,ms,1,,,,,,
,client,Q2,D,VD1,avg_frame,ms,2,,,,,,
,client,Q2,D,VD1,avg_frame,ms,3,,,,,,
,client,Q2,D,VD1,low1pct_frame,ms,1,,,,,,
,client,Q2,D,VD1,low1pct_frame,ms,2,,,,,,
,client,Q2,D,VD1,low1pct_frame,ms,3,,,,,,
,client,Q2,D,VD2,avg_frame,ms,1,,,,,,
,client,Q2,D,VD2,avg_frame,ms,2,,,,,,
,client,Q2,D,VD2,avg_frame,ms,3,,,,,,
,client,Q2,D,VD2,low1pct_frame,ms,1,,,,,,
,client,Q2,D,VD2,low1pct_frame,ms,2,,,,,,
,client,Q2,D,VD2,low1pct_frame,ms,3,,,,,,
,client,Q2,D0,VD1,avg_frame,ms,1,,,,,,
,client,Q2,D0,VD1,avg_frame,ms,2,,,,,,
,client,Q2,D0,VD1,avg_frame,ms,3,,,,,,
,client,Q2,D0,VD1,low1pct_frame,ms,1,,,,,,
,client,Q2,D0,VD1,low1pct_frame,ms,2,,,,,,
,client,Q2,D0,VD1,low1pct_frame,ms,3,,,,,,
,client,Q2,D0,VD2,avg_frame,ms,1,,,,,,
,client,Q2,D0,VD2,avg_frame,ms,2,,,,,,
,client,Q2,D0,VD2,avg_frame,ms,3,,,,,,
,client,Q2,D0,VD2,low1pct_frame,ms,1,,,,,,
,client,Q2,D0,VD2,low1pct_frame,ms,2,,,,,,
,client,Q2,D0,VD2,low1pct_frame,ms,3,,,,,,
,client,Q2,D-dec,VD1,avg_frame,ms,1,,,,,,
,client,Q2,D-dec,VD1,avg_frame,ms,2,,,,,,
,client,Q2,D-dec,VD1,avg_frame,ms,3,,,,,,
,client,Q2,D-dec,VD1,low1pct_frame,ms,1,,,,,,
,client,Q2,D-dec,VD1,low1pct_frame,ms,2,,,,,,
,client,Q2,D-dec,VD1,low1pct_frame,ms,3,,,,,,
,client,Q2,D-dec,VD2,avg_frame,ms,1,,,,,,
,client,Q2,D-dec,VD2,avg_frame,ms,2,,,,,,
,client,Q2,D-dec,VD2,avg_frame,ms,3,,,,,,
,client,Q2,D-dec,VD2,low1pct_frame,ms,1,,,,,,
,client,Q2,D-dec,VD2,low1pct_frame,ms,2,,,,,,
,client,Q2,D-dec,VD2,low1pct_frame,ms,3,,,,,,
,client,Q2,E,VD1,avg_frame,ms,1,,,,,,
,client,Q2,E,VD1,avg_frame,ms,2,,,,,,
,client,Q2,E,VD1,avg_frame,ms,3,,,,,,
,client,Q2,E,VD1,low1pct_frame,ms,1,,,,,,
,client,Q2,E,VD1,low1pct_frame,ms,2,,,,,,
,client,Q2,E,VD1,low1pct_frame,ms,3,,,,,,
,client,Q2,E,VD2,avg_frame,ms,1,,,,,,
,client,Q2,E,VD2,avg_frame,ms,2,,,,,,
,client,Q2,E,VD2,avg_frame,ms,3,,,,,,
,client,Q2,E,VD2,low1pct_frame,ms,1,,,,,,
,client,Q2,E,VD2,low1pct_frame,ms,2,,,,,,
,client,Q2,E,VD2,low1pct_frame,ms,3,,,,,,
,client,Q3,D,VD1,avg_frame,ms,1,,,,,,
,client,Q3,D,VD1,avg_frame,ms,2,,,,,,
,client,Q3,D,VD1,avg_frame,ms,3,,,,,,
,client,Q3,D,VD1,low1pct_frame,ms,1,,,,,,
,client,Q3,D,VD1,low1pct_frame,ms,2,,,,,,
,client,Q3,D,VD1,low1pct_frame,ms,3,,,,,,
,client,Q3,D,VD2,avg_frame,ms,1,,,,,,
,client,Q3,D,VD2,avg_frame,ms,2,,,,,,
,client,Q3,D,VD2,avg_frame,ms,3,,,,,,
,client,Q3,D,VD2,low1pct_frame,ms,1,,,,,,
,client,Q3,D,VD2,low1pct_frame,ms,2,,,,,,
,client,Q3,D,VD2,low1pct_frame,ms,3,,,,,,
,client,Q3,D0,VD1,avg_frame,ms,1,,,,,,
,client,Q3,D0,VD1,avg_frame,ms,2,,,,,,
,client,Q3,D0,VD1,avg_frame,ms,3,,,,,,
,client,Q3,D0,VD1,low1pct_frame,ms,1,,,,,,
,client,Q3,D0,VD1,low1pct_frame,ms,2,,,,,,
,client,Q3,D0,VD1,low1pct_frame,ms,3,,,,,,
,client,Q3,D0,VD2,avg_frame,ms,1,,,,,,
,client,Q3,D0,VD2,avg_frame,ms,2,,,,,,
,client,Q3,D0,VD2,avg_frame,ms,3,,,,,,
,client,Q3,D0,VD2,low1pct_frame,ms,1,,,,,,
,client,Q3,D0,VD2,low1pct_frame,ms,2,,,,,,
,client,Q3,D0,VD2,low1pct_frame,ms,3,,,,,,
,client,Q3,D-dec,VD1,avg_frame,ms,1,,,,,,
,client,Q3,D-dec,VD1,avg_frame,ms,2,,,,,,
,client,Q3,D-dec,VD1,avg_frame,ms,3,,,,,,
,client,Q3,D-dec,VD1,low1pct_frame,ms,1,,,,,,
,client,Q3,D-dec,VD1,low1pct_frame,ms,2,,,,,,
,client,Q3,D-dec,VD1,low1pct_frame,ms,3,,,,,,
,client,Q3,D-dec,VD2,avg_frame,ms,1,,,,,,
,client,Q3,D-dec,VD2,avg_frame,ms,2,,,,,,
,client,Q3,D-dec,VD2,avg_frame,ms,3,,,,,,
,client,Q3,D-dec,VD2,low1pct_frame,ms,1,,,,,,
,client,Q3,D-dec,VD2,low1pct_frame,ms,2,,,,,,
,client,Q3,D-dec,VD2,low1pct_frame,ms,3,,,,,,
,client,Q3,E,VD1,avg_frame,ms,1,,,,,,
,client,Q3,E,VD1,avg_frame,ms,2,,,,,,
,client,Q3,E,VD1,avg_frame,ms,3,,,,,,
,client,Q3,E,VD1,low1pct_frame,ms,1,,,,,,
,client,Q3,E,VD1,low1pct_frame,ms,2,,,,,,
,client,Q3,E,VD1,low1pct_frame,ms,3,,,,,,
,client,Q3,E,VD2,avg_frame,ms,1,,,,,,
,client,Q3,E,VD2,avg_frame,ms,2,,,,,,
,client,Q3,E,VD2,avg_frame,ms,3,,,,,,
,client,Q3,E,VD2,low1pct_frame,ms,1,,,,,,
,client,Q3,E,VD2,low1pct_frame,ms,2,,,,,,
,client,Q3,E,VD2,low1pct_frame,ms,3,,,,,,
,client,Q4,A,VD1,avg_frame,ms,1,,,,,,
,client,Q4,A,VD1,avg_frame,ms,2,,,,,,
,client,Q4,A,VD1,avg_frame,ms,3,,,,,,
,client,Q4,A,VD1,low1pct_frame,ms,1,,,,,,
,client,Q4,A,VD1,low1pct_frame,ms,2,,,,,,
,client,Q4,A,VD1,low1pct_frame,ms,3,,,,,,
,client,Q4,A,VD2,avg_frame,ms,1,,,,,,
,client,Q4,A,VD2,avg_frame,ms,2,,,,,,
,client,Q4,A,VD2,avg_frame,ms,3,,,,,,
,client,Q4,A,VD2,low1pct_frame,ms,1,,,,,,
,client,Q4,A,VD2,low1pct_frame,ms,2,,,,,,
,client,Q4,A,VD2,low1pct_frame,ms,3,,,,,,
,client,Q4,B,VD1,avg_frame,ms,1,,,,,,
,client,Q4,B,VD1,avg_frame,ms,2,,,,,,
,client,Q4,B,VD1,avg_frame,ms,3,,,,,,
,client,Q4,B,VD1,low1pct_frame,ms,1,,,,,,
,client,Q4,B,VD1,low1pct_frame,ms,2,,,,,,
,client,Q4,B,VD1,low1pct_frame,ms,3,,,,,,
,client,Q4,B,VD2,avg_frame,ms,1,,,,,,
,client,Q4,B,VD2,avg_frame,ms,2,,,,,,
,client,Q4,B,VD2,avg_frame,ms,3,,,,,,
,client,Q4,B,VD2,low1pct_frame,ms,1,,,,,,
,client,Q4,B,VD2,low1pct_frame,ms,2,,,,,,
,client,Q4,B,VD2,low1pct_frame,ms,3,,,,,,
,client,Q4,D,VD1,avg_frame,ms,1,,,,,,
,client,Q4,D,VD1,avg_frame,ms,2,,,,,,
,client,Q4,D,VD1,avg_frame,ms,3,,,,,,
,client,Q4,D,VD1,low1pct_frame,ms,1,,,,,,
,client,Q4,D,VD1,low1pct_frame,ms,2,,,,,,
,client,Q4,D,VD1,low1pct_frame,ms,3,,,,,,
,client,Q4,D,VD2,avg_frame,ms,1,,,,,,
,client,Q4,D,VD2,avg_frame,ms,2,,,,,,
,client,Q4,D,VD2,avg_frame,ms,3,,,,,,
,client,Q4,D,VD2,low1pct_frame,ms,1,,,,,,
,client,Q4,D,VD2,low1pct_frame,ms,2,,,,,,
,client,Q4,D,VD2,low1pct_frame,ms,3,,,,,,
,client,Q4,D0,VD1,avg_frame,ms,1,,,,,,
,client,Q4,D0,VD1,avg_frame,ms,2,,,,,,
,client,Q4,D0,VD1,avg_frame,ms,3,,,,,,
,client,Q4,D0,VD1,low1pct_frame,ms,1,,,,,,
,client,Q4,D0,VD1,low1pct_frame,ms,2,,,,,,
,client,Q4,D0,VD1,low1pct_frame,ms,3,,,,,,
,client,Q4,D0,VD2,avg_frame,ms,1,,,,,,
,client,Q4,D0,VD2,avg_frame,ms,2,,,,,,
,client,Q4,D0,VD2,avg_frame,ms,3,,,,,,
,client,Q4,D0,VD2,low1pct_frame,ms,1,,,,,,
,client,Q4,D0,VD2,low1pct_frame,ms,2,,,,,,
,client,Q4,D0,VD2,low1pct_frame,ms,3,,,,,,
,client,Q4,D-dec,VD1,avg_frame,ms,1,,,,,,
,client,Q4,D-dec,VD1,avg_frame,ms,2,,,,,,
,client,Q4,D-dec,VD1,avg_frame,ms,3,,,,,,
,client,Q4,D-dec,VD1,low1pct_frame,ms,1,,,,,,
,client,Q4,D-dec,VD1,low1pct_frame,ms,2,,,,,,
,client,Q4,D-dec,VD1,low1pct_frame,ms,3,,,,,,
,client,Q4,D-dec,VD2,avg_frame,ms,1,,,,,,
,client,Q4,D-dec,VD2,avg_frame,ms,2,,,,,,
,client,Q4,D-dec,VD2,avg_frame,ms,3,,,,,,
,client,Q4,D-dec,VD2,low1pct_frame,ms,1,,,,,,
,client,Q4,D-dec,VD2,low1pct_frame,ms,2,,,,,,
,client,Q4,D-dec,VD2,low1pct_frame,ms,3,,,,,,
,client,Q4,E,VD1,avg_frame,ms,1,,,,,,
,client,Q4,E,VD1,avg_frame,ms,2,,,,,,
,client,Q4,E,VD1,avg_frame,ms,3,,,,,,
,client,Q4,E,VD1,low1pct_frame,ms,1,,,,,,
,client,Q4,E,VD1,low1pct_frame,ms,2,,,,,,
,client,Q4,E,VD1,low1pct_frame,ms,3,,,,,,
,client,Q4,E,VD2,avg_frame,ms,1,,,,,,
,client,Q4,E,VD2,avg_frame,ms,2,,,,,,
,client,Q4,E,VD2,avg_frame,ms,3,,,,,,
,client,Q4,E,VD2,low1pct_frame,ms,1,,,,,,
,client,Q4,E,VD2,low1pct_frame,ms,2,,,,,,
,client,Q4,E,VD2,low1pct_frame,ms,3,,,,,,
,client,Q5,A,VD1,avg_frame,ms,1,,,,,,
,client,Q5,A,VD1,avg_frame,ms,2,,,,,,
,client,Q5,A,VD1,avg_frame,ms,3,,,,,,
,client,Q5,A,VD1,low1pct_frame,ms,1,,,,,,
,client,Q5,A,VD1,low1pct_frame,ms,2,,,,,,
,client,Q5,A,VD1,low1pct_frame,ms,3,,,,,,
,client,Q5,A,VD2,avg_frame,ms,1,,,,,,
,client,Q5,A,VD2,avg_frame,ms,2,,,,,,
,client,Q5,A,VD2,avg_frame,ms,3,,,,,,
,client,Q5,A,VD2,low1pct_frame,ms,1,,,,,,
,client,Q5,A,VD2,low1pct_frame,ms,2,,,,,,
,client,Q5,A,VD2,low1pct_frame,ms,3,,,,,,
,client,Q5,B,VD1,avg_frame,ms,1,,,,,,
,client,Q5,B,VD1,avg_frame,ms,2,,,,,,
,client,Q5,B,VD1,avg_frame,ms,3,,,,,,
,client,Q5,B,VD1,low1pct_frame,ms,1,,,,,,
,client,Q5,B,VD1,low1pct_frame,ms,2,,,,,,
,client,Q5,B,VD1,low1pct_frame,ms,3,,,,,,
,client,Q5,B,VD2,avg_frame,ms,1,,,,,,
,client,Q5,B,VD2,avg_frame,ms,2,,,,,,
,client,Q5,B,VD2,avg_frame,ms,3,,,,,,
,client,Q5,B,VD2,low1pct_frame,ms,1,,,,,,
,client,Q5,B,VD2,low1pct_frame,ms,2,,,,,,
,client,Q5,B,VD2,low1pct_frame,ms,3,,,,,,
,client,Q5,D,VD1,avg_frame,ms,1,,,,,,
,client,Q5,D,VD1,avg_frame,ms,2,,,,,,
,client,Q5,D,VD1,avg_frame,ms,3,,,,,,
,client,Q5,D,VD1,low1pct_frame,ms,1,,,,,,
,client,Q5,D,VD1,low1pct_frame,ms,2,,,,,,
,client,Q5,D,VD1,low1pct_frame,ms,3,,,,,,
,client,Q5,D,VD2,avg_frame,ms,1,,,,,,
,client,Q5,D,VD2,avg_frame,ms,2,,,,,,
,client,Q5,D,VD2,avg_frame,ms,3,,,,,,
,client,Q5,D,VD2,low1pct_frame,ms,1,,,,,,
,client,Q5,D,VD2,low1pct_frame,ms,2,,,,,,
,client,Q5,D,VD2,low1pct_frame,ms,3,,,,,,
,client,Q5,D0,VD1,avg_frame,ms,1,,,,,,
,client,Q5,D0,VD1,avg_frame,ms,2,,,,,,
,client,Q5,D0,VD1,avg_frame,ms,3,,,,,,
,client,Q5,D0,VD1,low1pct_frame,ms,1,,,,,,
,client,Q5,D0,VD1,low1pct_frame,ms,2,,,,,,
,client,Q5,D0,VD1,low1pct_frame,ms,3,,,,,,
,client,Q5,D0,VD2,avg_frame,ms,1,,,,,,
,client,Q5,D0,VD2,avg_frame,ms,2,,,,,,
,client,Q5,D0,VD2,avg_frame,ms,3,,,,,,
,client,Q5,D0,VD2,low1pct_frame,ms,1,,,,,,
,client,Q5,D0,VD2,low1pct_frame,ms,2,,,,,,
,client,Q5,D0,VD2,low1pct_frame,ms,3,,,,,,
,client,Q5,D-dec,VD1,avg_frame,ms,1,,,,,,
,client,Q5,D-dec,VD1,avg_frame,ms,2,,,,,,
,client,Q5,D-dec,VD1,avg_frame,ms,3,,,,,,
,client,Q5,D-dec,VD1,low1pct_frame,ms,1,,,,,,
,client,Q5,D-dec,VD1,low1pct_frame,ms,2,,,,,,
,client,Q5,D-dec,VD1,low1pct_frame,ms,3,,,,,,
,client,Q5,D-dec,VD2,avg_frame,ms,1,,,,,,
,client,Q5,D-dec,VD2,avg_frame,ms,2,,,,,,
,client,Q5,D-dec,VD2,avg_frame,ms,3,,,,,,
,client,Q5,D-dec,VD2,low1pct_frame,ms,1,,,,,,
,client,Q5,D-dec,VD2,low1pct_frame,ms,2,,,,,,
,client,Q5,D-dec,VD2,low1pct_frame,ms,3,,,,,,
,client,Q5,E,VD1,avg_frame,ms,1,,,,,,
,client,Q5,E,VD1,avg_frame,ms,2,,,,,,
,client,Q5,E,VD1,avg_frame,ms,3,,,,,,
,client,Q5,E,VD1,low1pct_frame,ms,1,,,,,,
,client,Q5,E,VD1,low1pct_frame,ms,2,,,,,,
,client,Q5,E,VD1,low1pct_frame,ms,3,,,,,,
,client,Q5,E,VD2,avg_frame,ms,1,,,,,,
,client,Q5,E,VD2,avg_frame,ms,2,,,,,,
,client,Q5,E,VD2,avg_frame,ms,3,,,,,,
,client,Q5,E,VD2,low1pct_frame,ms,1,,,,,,
,client,Q5,E,VD2,low1pct_frame,ms,2,,,,,,
,client,Q5,E,VD2,low1pct_frame,ms,3,,,,,,
,client,Q6,D,VD1,avg_frame,ms,1,,,,,,
,client,Q6,D,VD1,avg_frame,ms,2,,,,,,
,client,Q6,D,VD1,avg_frame,ms,3,,,,,,
,client,Q6,D,VD1,low1pct_frame,ms,1,,,,,,
,client,Q6,D,VD1,low1pct_frame,ms,2,,,,,,
,client,Q6,D,VD1,low1pct_frame,ms,3,,,,,,
,client,Q6,D,VD2,avg_frame,ms,1,,,,,,
,client,Q6,D,VD2,avg_frame,ms,2,,,,,,
,client,Q6,D,VD2,avg_frame,ms,3,,,,,,
,client,Q6,D,VD2,low1pct_frame,ms,1,,,,,,
,client,Q6,D,VD2,low1pct_frame,ms,2,,,,,,
,client,Q6,D,VD2,low1pct_frame,ms,3,,,,,,
,client,Q6,D0,VD1,avg_frame,ms,1,,,,,,
,client,Q6,D0,VD1,avg_frame,ms,2,,,,,,
,client,Q6,D0,VD1,avg_frame,ms,3,,,,,,
,client,Q6,D0,VD1,low1pct_frame,ms,1,,,,,,
,client,Q6,D0,VD1,low1pct_frame,ms,2,,,,,,
,client,Q6,D0,VD1,low1pct_frame,ms,3,,,,,,
,client,Q6,D0,VD2,avg_frame,ms,1,,,,,,
,client,Q6,D0,VD2,avg_frame,ms,2,,,,,,
,client,Q6,D0,VD2,avg_frame,ms,3,,,,,,
,client,Q6,D0,VD2,low1pct_frame,ms,1,,,,,,
,client,Q6,D0,VD2,low1pct_frame,ms,2,,,,,,
,client,Q6,D0,VD2,low1pct_frame,ms,3,,,,,,
,client,Q6,D-dec,VD1,avg_frame,ms,1,,,,,,
,client,Q6,D-dec,VD1,avg_frame,ms,2,,,,,,
,client,Q6,D-dec,VD1,avg_frame,ms,3,,,,,,
,client,Q6,D-dec,VD1,low1pct_frame,ms,1,,,,,,
,client,Q6,D-dec,VD1,low1pct_frame,ms,2,,,,,,
,client,Q6,D-dec,VD1,low1pct_frame,ms,3,,,,,,
,client,Q6,D-dec,VD2,avg_frame,ms,1,,,,,,
,client,Q6,D-dec,VD2,avg_frame,ms,2,,,,,,
,client,Q6,D-dec,VD2,avg_frame,ms,3,,,,,,
,client,Q6,D-dec,VD2,low1pct_frame,ms,1,,,,,,
,client,Q6,D-dec,VD2,low1pct_frame,ms,2,,,,,,
,client,Q6,D-dec,VD2,low1pct_frame,ms,3,,,,,,
,client,Q6,E,VD1,avg_frame,ms,1,,,,,,
,client,Q6,E,VD1,avg_frame,ms,2,,,,,,
,client,Q6,E,VD1,avg_frame,ms,3,,,,,,
,client,Q6,E,VD1,low1pct_frame,ms,1,,,,,,
,client,Q6,E,VD1,low1pct_frame,ms,2,,,,,,
,client,Q6,E,VD1,low1pct_frame,ms,3,,,,,,
,client,Q6,E,VD2,avg_frame,ms,1,,,,,,
,client,Q6,E,VD2,avg_frame,ms,2,,,,,,
,client,Q6,E,VD2,avg_frame,ms,3,,,,,,
,client,Q6,E,VD2,low1pct_frame,ms,1,,,,,,
,client,Q6,E,VD2,low1pct_frame,ms,2,,,,,,
,client,Q6,E,VD2,low1pct_frame,ms,3,,,,,,
,client,Q7_10m,D,VD1,avg_frame,ms,1,,,,,,
,client,Q7_10m,D,VD1,avg_frame,ms,2,,,,,,
,client,Q7_10m,D,VD1,avg_frame,ms,3,,,,,,
,client,Q7_10m,D,VD1,low1pct_frame,ms,1,,,,,,
,client,Q7_10m,D,VD1,low1pct_frame,ms,2,,,,,,
,client,Q7_10m,D,VD1,low1pct_frame,ms,3,,,,,,
,client,Q7_10m,D,VD2,avg_frame,ms,1,,,,,,
,client,Q7_10m,D,VD2,avg_frame,ms,2,,,,,,
,client,Q7_10m,D,VD2,avg_frame,ms,3,,,,,,
,client,Q7_10m,D,VD2,low1pct_frame,ms,1,,,,,,
,client,Q7_10m,D,VD2,low1pct_frame,ms,2,,,,,,
,client,Q7_10m,D,VD2,low1pct_frame,ms,3,,,,,,
,client,Q7_10m,D-dec,VD1,avg_frame,ms,1,,,,,,
,client,Q7_10m,D-dec,VD1,avg_frame,ms,2,,,,,,
,client,Q7_10m,D-dec,VD1,avg_frame,ms,3,,,,,,
,client,Q7_10m,D-dec,VD1,low1pct_frame,ms,1,,,,,,
,client,Q7_10m,D-dec,VD1,low1pct_frame,ms,2,,,,,,
,client,Q7_10m,D-dec,VD1,low1pct_frame,ms,3,,,,,,
,client,Q7_10m,D-dec,VD2,avg_frame,ms,1,,,,,,
,client,Q7_10m,D-dec,VD2,avg_frame,ms,2,,,,,,
,client,Q7_10m,D-dec,VD2,avg_frame,ms,3,,,,,,
,client,Q7_10m,D-dec,VD2,low1pct_frame,ms,1,,,,,,
,client,Q7_10m,D-dec,VD2,low1pct_frame,ms,2,,,,,,
,client,Q7_10m,D-dec,VD2,low1pct_frame,ms,3,,,,,,
,client,Q7_60m,D,VD1,avg_frame,ms,1,,,,,,
,client,Q7_60m,D,VD1,avg_frame,ms,2,,,,,,
,client,Q7_60m,D,VD1,avg_frame,ms,3,,,,,,
,client,Q7_60m,D,VD1,low1pct_frame,ms,1,,,,,,
,client,Q7_60m,D,VD1,low1pct_frame,ms,2,,,,,,
,client,Q7_60m,D,VD1,low1pct_frame,ms,3,,,,,,
,client,Q7_60m,D,VD2,avg_frame,ms,1,,,,,,
,client,Q7_60m,D,VD2,avg_frame,ms,2,,,,,,
,client,Q7_60m,D,VD2,avg_frame,ms,3,,,,,,
,client,Q7_60m,D,VD2,low1pct_frame,ms,1,,,,,,
,client,Q7_60m,D,VD2,low1pct_frame,ms,2,,,,,,
,client,Q7_60m,D,VD2,low1pct_frame,ms,3,,,,,,
,client,Q7_60m,D-dec,VD1,avg_frame,ms,1,,,,,,
,client,Q7_60m,D-dec,VD1,avg_frame,ms,2,,,,,,
,client,Q7_60m,D-dec,VD1,avg_frame,ms,3,,,,,,
,client,Q7_60m,D-dec,VD1,low1pct_frame,ms,1,,,,,,
,client,Q7_60m,D-dec,VD1,low1pct_frame,ms,2,,,,,,
,client,Q7_60m,D-dec,VD1,low1pct_frame,ms,3,,,,,,
,client,Q7_60m,D-dec,VD2,avg_frame,ms,1,,,,,,
,client,Q7_60m,D-dec,VD2,avg_frame,ms,2,,,,,,
,client,Q7_60m,D-dec,VD2,avg_frame,ms,3,,,,,,
,client,Q7_60m,D-dec,VD2,low1pct_frame,ms,1,,,,,,
,client,Q7_60m,D-dec,VD2,low1pct_frame,ms,2,,,,,,
,client,Q7_60m,D-dec,VD2,low1pct_frame,ms,3,,,,,,
,server,S1,A,,avg_frame,ms,1,,,,,,
,server,S1,B,,avg_frame,ms,1,,,,,,
,server,S1,D,,avg_frame,ms,1,,,,,,
,server,S1,D0,,avg_frame,ms,1,,,,,,
,server,S1,E,,avg_frame,ms,1,,,,,,
,server,S1,A,,p99_frame,ms,1,,,,,,
,server,S1,B,,p99_frame,ms,1,,,,,,
,server,S1,D,,p99_frame,ms,1,,,,,,
,server,S1,D0,,p99_frame,ms,1,,,,,,
,server,S1,E,,p99_frame,ms,1,,,,,,
,server,S1b,A,,avg_frame,ms,1,,,,,,
,server,S1b,D,,avg_frame,ms,1,,,,,,
,server,S1b,D0,,avg_frame,ms,1,,,,,,
,server,S1b,E,,avg_frame,ms,1,,,,,,
,server,S4,D,,path_failures_10min,count,1,,,,,,
,server,S4,D0,,path_failures_10min,count,1,,,,,,
,server,S4,D,,infected_per_floor,count,1,,,,,,
,server,S4,D0,,infected_per_floor,count,1,,,,,,
,server,S6,A,,join,s,1,,,,,,
,server,S6,A,,join,s,2,,,,,,
,server,S6,A,,join,s,3,,,,,,
,server,S6,B,,join,s,1,,,,,,
,server,S6,B,,join,s,2,,,,,,
,server,S6,B,,join,s,3,,,,,,
,server,S6,D,,join,s,1,,,,,,
,server,S6,D,,join,s,2,,,,,,
,server,S6,D,,join,s,3,,,,,,
,server,S6,D0,,join,s,1,,,,,,
,server,S6,D0,,join,s,2,,,,,,
,server,S6,D0,,join,s,3,,,,,,
,server,S6,E,,join,s,1,,,,,,
,server,S6,E,,join,s,2,,,,,,
,server,S6,E,,join,s,3,,,,,,
,server,S7cold,A,,start,s,1,,,,,,
,server,S7cold,B,,start,s,1,,,,,,
,server,S7cold,D,,start,s,1,,,,,,
,server,S7cold,D0,,start,s,1,,,,,,
,server,S7cold,E,,start,s,1,,,,,,
,server,S7warm,A,,start,s,1,,,,,,
,server,S7warm,B,,start,s,1,,,,,,
,server,S7warm,D,,start,s,1,,,,,,
,server,S7warm,D0,,start,s,1,,,,,,
,server,S7warm,E,,start,s,1,,,,,,
,server,S8,B,,loot_items_min40,count,1,,,,,,
,server,S8,D,,loot_items_min40,count,1,,,,,,
,server,S8,D0,,loot_items_min40,count,1,,,,,,
,server,S8,E,,loot_items_min40,count,1,,,,,,
,server,S8,A,,entities_near_T,count,1,,,,,,
,server,S8,B,,entities_near_T,count,1,,,,,,
,server,S8,D,,entities_near_T,count,1,,,,,,
,server,S8,D0,,entities_near_T,count,1,,,,,,
,server,S8,E,,entities_near_T,count,1,,,,,,
,server,VAL,A,,summary_fail_lines,count,1,,,,,,
,server,VAL,B,,summary_fail_lines,count,1,,,,,,
,server,VAL,D,,summary_fail_lines,count,1,,,,,,
,server,VAL,D0,,summary_fail_lines,count,1,,,,,,
,server,VAL,D-dec,,summary_fail_lines,count,1,,,,,,
,server,VAL,E,,summary_fail_lines,count,1,,,,,,
,server,VRAM,D,,delta_vs_A,MB,1,,,,,,
