class,x,y,z,yaw
Land_SKY_Street_Intersection,-108.000,0.000,-72.000,0.00
Land_SKY_Street_Straight,-108.000,0.000,-60.000,0.00
Land_SKY_StreetLight,-112.500,0.150,-60.000,0.00
Land_SKY_Street_Straight,-108.000,0.000,-48.000,0.00
Land_SKY_Street_Straight,-108.000,0.000,-36.000,0.00
Land_SKY_Street_Straight,-108.000,0.000,-24.000,0.00
Land_SKY_StreetLight,-112.500,0.150,-24.000,0.00
Land_SKY_Street_Straight,-108.000,0.000,-12.000,0.00
Land_SKY_Street_Intersection,-108.000,0.000,0.000,0.00
Land_SKY_Street_Straight,-108.000,0.000,12.000,0.00
Land_SKY_Street_Straight,-108.000,0.000,24.000,0.00
Land_SKY_StreetLight,-112.500,0.150,24.000,0.00
Land_SKY_Street_Straight,-108.000,0.000,36.000,0.00
Land_SKY_Street_Straight,-108.000,0.000,48.000,0.00
Land_SKY_Street_Straight,-108.000,0.000,60.000,0.00
Land_SKY_StreetLight,-112.500,0.150,60.000,0.00
Land_SKY_Street_Intersection,-108.000,0.000,72.000,0.00
Land_SKY_Street_Straight,-96.000,0.000,-72.000,90.00
Land_SKY_StreetLight,-96.000,0.150,-67.500,90.00
Land_SKY_Street_Straight,-96.000,0.000,72.000,90.00
Land_SKY_StreetLight,-96.000,0.150,76.500,90.00
Land_SKY_Street_Straight,-84.000,0.000,-72.000,90.00
Land_SKY_Street_Straight,-84.000,0.000,72.000,90.00
Land_SKY_Street_Crossing,-72.000,0.000,-72.000,90.00
Land_SKY_Street_Straight,-72.000,0.000,72.000,90.00
Land_SKY_Street_Straight,-60.000,0.000,-72.000,90.00
Land_SKY_Street_Straight,-60.000,0.000,72.000,90.00
Land_SKY_StreetLight,-60.000,0.150,76.500,90.00
Land_SKY_Street_Intersection,-48.000,0.000,-72.000,0.00
Land_SKY_Street_Straight,-48.000,0.000,-60.000,0.00
Land_SKY_StreetLight,-52.500,0.150,-60.000,0.00
Land_SKY_Street_Straight,-48.000,0.000,-48.000,0.00
Land_SKY_Street_Straight,-48.000,0.000,-36.000,0.00
Land_SKY_Street_Straight,-48.000,0.000,-24.000,0.00
Land_SKY_StreetLight,-52.500,0.150,-24.000,0.00
Land_SKY_Street_Straight,-48.000,0.000,-12.000,0.00
Land_SKY_Street_Intersection,-48.000,0.000,0.000,0.00
Land_SKY_Street_Straight,-48.000,0.000,12.000,0.00
Land_SKY_Street_Straight,-48.000,0.000,24.000,0.00
Land_SKY_StreetLight,-52.500,0.150,24.000,0.00
Land_SKY_Street_Straight,-48.000,0.000,36.000,0.00
Land_SKY_Street_Straight,-48.000,0.000,48.000,0.00
Land_SKY_Street_Straight,-48.000,0.000,60.000,0.00
Land_SKY_StreetLight,-52.500,0.150,60.000,0.00
Land_SKY_Street_Intersection,-48.000,0.000,72.000,0.00
Land_SKY_Street_Straight,-36.000,0.000,-72.000,90.00
Land_SKY_StreetLight,-36.000,0.150,-67.500,90.00
Land_SKY_Street_Straight,-36.000,0.000,0.000,90.00
Land_SKY_StreetLight,-36.000,0.150,4.500,90.00
Land_SKY_Street_Straight,-36.000,0.000,72.000,90.00
Land_SKY_Street_Straight,-24.000,0.000,-72.000,90.00
Land_SKY_Street_Crossing,-24.000,0.000,0.000,90.00
Land_SKY_Street_Straight,-24.000,0.000,72.000,90.00
Land_SKY_Street_Straight,-12.000,0.000,-72.000,90.00
Land_SKY_Street_Straight,-12.000,0.000,0.000,90.00
Land_SKY_Street_Straight,-12.000,0.000,72.000,90.00
Land_SKY_StreetLight,-12.000,0.150,76.500,90.00
Land_SKY_Street_Straight,0.000,0.000,-72.000,90.00
Land_SKY_StreetLight,-0.000,0.150,-67.500,90.00
Land_SKY_Street_Straight,0.000,0.000,0.000,90.00
Land_SKY_Street_Straight,0.000,0.000,72.000,90.00
Land_SKY_Street_Intersection,12.000,0.000,-72.000,0.00
Land_SKY_Street_Straight,12.000,0.000,-60.000,0.00
Land_SKY_StreetLight,7.500,0.150,-60.000,0.00
Land_SKY_Street_Straight,12.000,0.000,-48.000,0.00
Land_SKY_Street_Straight,12.000,0.000,-36.000,0.00
Land_SKY_Street_Straight,12.000,0.000,-24.000,0.00
Land_SKY_StreetLight,7.500,0.150,-24.000,0.00
Land_SKY_Street_Straight,12.000,0.000,-12.000,0.00
Land_SKY_Street_Intersection,12.000,0.000,0.000,0.00
Land_SKY_Street_Straight,12.000,0.000,12.000,0.00
Land_SKY_Street_Straight,12.000,0.000,24.000,0.00
Land_SKY_StreetLight,7.500,0.150,24.000,0.00
Land_SKY_Street_Straight,12.000,0.000,36.000,0.00
Land_SKY_Street_Straight,12.000,0.000,48.000,0.00
Land_SKY_Street_Straight,12.000,0.000,60.000,0.00
Land_SKY_StreetLight,7.500,0.150,60.000,0.00
Land_SKY_Street_Intersection,12.000,0.000,72.000,0.00
Land_SKY_Street_Straight,24.000,0.000,-72.000,90.00
Land_SKY_Street_Straight,24.000,0.000,0.000,90.00
Land_SKY_StreetLight,24.000,0.150,4.500,90.00
Land_SKY_Street_Straight,24.000,0.000,72.000,90.00
Land_SKY_Street_Straight,36.000,0.000,-72.000,90.00
Land_SKY_Street_Straight,36.000,0.000,0.000,90.00
Land_SKY_Street_Straight,36.000,0.000,72.000,90.00
Land_SKY_StreetLight,36.000,0.150,76.500,90.00
Land_SKY_Street_Straight,48.000,0.000,-72.000,90.00
Land_SKY_StreetLight,48.000,0.150,-67.500,90.00
Land_SKY_Street_Straight,48.000,0.000,0.000,90.00
Land_SKY_Street_Straight,48.000,0.000,72.000,90.00
Land_SKY_Street_Straight,60.000,0.000,-72.000,90.00
Land_SKY_Street_Straight,60.000,0.000,0.000,90.00
Land_SKY_StreetLight,60.000,0.150,4.500,90.00
Land_SKY_Street_Straight,60.000,0.000,72.000,90.00
Land_SKY_Street_Straight,72.000,0.000,-72.000,90.00
Land_SKY_Street_Straight,72.000,0.000,0.000,90.00
Land_SKY_Street_Straight,72.000,0.000,72.000,90.00
Land_SKY_StreetLight,72.000,0.150,76.500,90.00
Land_SKY_Street_Straight,84.000,0.000,-72.000,90.00
Land_SKY_StreetLight,84.000,0.150,-67.500,90.00
Land_SKY_Street_Straight,84.000,0.000,0.000,90.00
Land_SKY_Street_Straight,84.000,0.000,72.000,90.00
Land_SKY_Street_Intersection,96.000,0.000,-72.000,0.00
Land_SKY_Street_Straight,96.000,0.000,-60.000,0.00
Land_SKY_StreetLight,91.500,0.150,-60.000,0.00
Land_SKY_Street_Straight,96.000,0.000,-48.000,0.00
Land_SKY_Street_Straight,96.000,0.000,-36.000,0.00
Land_SKY_Street_Straight,96.000,0.000,-24.000,0.00
Land_SKY_StreetLight,91.500,0.150,-24.000,0.00
Land_SKY_Street_Straight,96.000,0.000,-12.000,0.00
Land_SKY_Street_Intersection,96.000,0.000,0.000,0.00
Land_SKY_Street_Straight,96.000,0.000,12.000,0.00
Land_SKY_Street_Straight,96.000,0.000,24.000,0.00
Land_SKY_StreetLight,91.500,0.150,24.000,0.00
Land_SKY_Street_Straight,96.000,0.000,36.000,0.00
Land_SKY_Street_Straight,96.000,0.000,48.000,0.00
Land_SKY_Street_Straight,96.000,0.000,60.000,0.00
Land_SKY_StreetLight,91.500,0.150,60.000,0.00
Land_SKY_Street_Intersection,96.000,0.000,72.000,0.00
Land_SKY_Street_Straight,108.000,0.000,-72.000,90.00
Land_SKY_Street_Straight,108.000,0.000,0.000,90.00
Land_SKY_StreetLight,108.000,0.150,4.500,90.00
Land_SKY_Street_Straight,108.000,0.000,72.000,90.00
Land_SKY_Viaduct_Ramp,-78.000,0.000,72.000,90.00
Land_SKY_Viaduct_Ramp,66.000,0.000,72.000,270.00
Land_SKY_Viaduct_Straight,-48.000,0.000,72.000,90.00
Land_SKY_Viaduct_Straight,-36.000,0.000,72.000,90.00
Land_SKY_Viaduct_Straight,-24.000,0.000,72.000,90.00
Land_SKY_Viaduct_Straight,-12.000,0.000,72.000,90.00
Land_SKY_Viaduct_Straight,0.000,0.000,72.000,90.00
Land_SKY_Viaduct_Straight,12.000,0.000,72.000,90.00
Land_SKY_Viaduct_Straight,24.000,0.000,72.000,90.00
Land_SKY_Viaduct_Straight,36.000,0.000,72.000,90.00
Land_SKY_Tunnel_Portal,-96.000,0.000,0.000,90.00
Land_SKY_Tunnel_Straight,-84.000,0.000,0.000,90.00
Land_SKY_Tunnel_Straight,-72.000,0.000,0.000,90.00
Land_SKY_Tunnel_Portal,-60.000,0.000,0.000,270.00
Land_SKY_Sewer_End,-48.000,0.000,-60.000,180.00
Land_SKY_Sewer_Straight,-48.000,0.000,-48.000,0.00
Land_SKY_Sewer_Straight,-48.000,0.000,-36.000,0.00
Land_SKY_Sewer_Access,-48.000,0.000,-24.000,0.00
Land_SKY_Sewer_Stair,-44.200,0.000,-24.000,0.00
Land_SKY_Sewer_Straight,-48.000,0.000,-12.000,0.00
Land_SKY_Sewer_Straight,-48.000,0.000,0.000,0.00
Land_SKY_Sewer_Straight,-48.000,0.000,12.000,0.00
Land_SKY_Sewer_Straight,-48.000,0.000,24.000,0.00
Land_SKY_Sewer_Access,-48.000,0.000,36.000,0.00
Land_SKY_Sewer_Stair,-44.200,0.000,36.000,0.00
Land_SKY_Sewer_Straight,-48.000,0.000,48.000,0.00
Land_SKY_Sewer_End,-48.000,0.000,60.000,0.00
Land_SKY_Metro_End,96.000,0.000,-60.000,180.00
Land_SKY_Metro_Tunnel,96.000,0.000,-48.000,0.00
Land_SKY_Metro_Tunnel,96.000,0.000,-36.000,0.00
Land_SKY_Metro_Tunnel,96.000,0.000,-24.000,0.00
Land_SKY_Metro_Tunnel,96.000,0.000,-12.000,0.00
Land_SKY_Metro_Station,96.000,0.000,6.000,0.00
Land_SKY_Metro_Tunnel,96.000,0.000,24.000,0.00
Land_SKY_Metro_Tunnel,96.000,0.000,36.000,0.00
Land_SKY_Metro_Tunnel,96.000,0.000,48.000,0.00
Land_SKY_Metro_End,96.000,0.000,60.000,0.00
Land_SKY_TrashBin,-103.400,0.150,-54.600,0.00
Land_SKY_Hydrant_Dry,-103.400,0.150,-53.400,0.00
Land_SKY_TrashBin,-103.400,0.150,-30.600,0.00
Land_SKY_TrashBin,-103.400,0.150,-6.600,0.00
Land_SKY_Hydrant_Dry,-103.400,0.150,-17.400,0.00
Land_SKY_TrashBin,-103.400,0.150,29.400,0.00
Land_SKY_Hydrant_Dry,-103.400,0.150,30.600,0.00
Land_SKY_TrashBin,-103.400,0.150,53.400,0.00
Land_SKY_TrashBin,-90.600,0.150,-76.600,90.00
Land_SKY_TrashBin,-90.600,0.150,67.400,90.00
Land_SKY_Hydrant_Wet,-89.400,0.150,-76.600,90.00
Land_SKY_Hydrant_Wet,-89.400,0.150,67.400,90.00
Land_SKY_TrashBin,-66.600,0.150,67.400,90.00
Land_SKY_TrashBin,-54.600,0.150,-76.600,90.00
Land_SKY_TrashBin,-43.400,0.150,-54.600,0.00
Land_SKY_Hydrant_Dry,-43.400,0.150,-53.400,0.00
Land_SKY_TrashBin,-43.400,0.150,-30.600,0.00
Land_SKY_TrashBin,-43.400,0.150,-6.600,0.00
Land_SKY_Hydrant_Dry,-43.400,0.150,-17.400,0.00
Land_SKY_TrashBin,-43.400,0.150,29.400,0.00
Land_SKY_Hydrant_Dry,-43.400,0.150,30.600,0.00
Land_SKY_TrashBin,-43.400,0.150,53.400,0.00
Land_SKY_TrashBin,-30.600,0.150,-4.600,90.00
Land_SKY_TrashBin,-30.600,0.150,67.400,90.00
Land_SKY_Hydrant_Dry,-41.400,0.150,67.400,90.00
Land_SKY_TrashBin,-18.600,0.150,-76.600,90.00
Land_SKY_Hydrant_Wet,-29.400,0.150,-76.600,90.00
Land_SKY_Hydrant_Wet,-17.400,0.150,-4.600,90.00
Land_SKY_TrashBin,-6.600,0.150,67.400,90.00
Land_SKY_TrashBin,5.400,0.150,-76.600,90.00
Land_SKY_TrashBin,5.400,0.150,-4.600,90.00
Land_SKY_Hydrant_Dry,-5.400,0.150,67.400,90.00
Land_SKY_TrashBin,16.600,0.150,-54.600,0.00
Land_SKY_Hydrant_Dry,16.600,0.150,-53.400,0.00
Land_SKY_TrashBin,16.600,0.150,-30.600,0.00
Land_SKY_TrashBin,16.600,0.150,-6.600,0.00
Land_SKY_Hydrant_Dry,16.600,0.150,-17.400,0.00
Land_SKY_TrashBin,16.600,0.150,29.400,0.00
Land_SKY_Hydrant_Dry,16.600,0.150,30.600,0.00
Land_SKY_TrashBin,16.600,0.150,53.400,0.00
Land_SKY_Hydrant_Wet,18.600,0.150,-76.600,90.00
Land_SKY_TrashBin,29.400,0.150,67.400,90.00
Land_SKY_TrashBin,41.400,0.150,-76.600,90.00
Land_SKY_TrashBin,41.400,0.150,-4.600,90.00
Land_SKY_Hydrant_Dry,30.600,0.150,-4.600,90.00
Land_SKY_TrashBin,53.400,0.150,67.400,90.00
Land_SKY_Hydrant_Wet,42.600,0.150,67.400,90.00
Land_SKY_TrashBin,65.400,0.150,-76.600,90.00
Land_SKY_Hydrant_Dry,54.600,0.150,-76.600,90.00
Land_SKY_TrashBin,65.400,0.150,-4.600,90.00
Land_SKY_Hydrant_Wet,66.600,0.150,-4.600,90.00
Land_SKY_TrashBin,77.400,0.150,67.400,90.00
Land_SKY_TrashBin,89.400,0.150,-76.600,90.00
Land_SKY_TrashBin,89.400,0.150,-4.600,90.00
Land_SKY_Hydrant_Wet,78.600,0.150,67.400,90.00
Land_SKY_TrashBin,100.600,0.150,-54.600,0.00
Land_SKY_Hydrant_Dry,100.600,0.150,-53.400,0.00
Land_SKY_TrashBin,100.600,0.150,-30.600,0.00
Land_SKY_TrashBin,100.600,0.150,-6.600,0.00
Land_SKY_Hydrant_Wet,100.600,0.150,-17.400,0.00
Land_SKY_TrashBin,100.600,0.150,29.400,0.00
Land_SKY_Hydrant_Dry,100.600,0.150,30.600,0.00
Land_SKY_TrashBin,100.600,0.150,53.400,0.00
Land_SKY_Hydrant_Dry,102.600,0.150,-76.600,90.00
Land_SKY_TrashBin,113.400,0.150,67.400,90.00
Land_SKY_Barrier_Concrete,-112.500,0.000,-63.660,270.00
Land_SKY_Wreck_Sedan,-109.200,0.000,-62.760,270.00
Land_SKY_Barrier_Concrete,-105.900,0.000,-63.660,270.00
Land_SKY_Barrier_Concrete,-104.500,0.000,-62.760,270.00
Land_Wreck_sed02_aban1_red_DE,-109.892,0.000,-55.494,195.32
Land_Wreck_offroad02_aban1_DE,-106.163,0.000,-55.562,177.03
Land_SKY_Wreck_Sedan,-111.900,0.000,-51.632,270.00
Land_SKY_Wreck_Van,-107.500,0.000,-50.732,270.00
Land_SKY_Barrier_Concrete,-104.500,0.000,-51.632,270.00
Land_Wreck_sed02_aban1_red_DE,-109.720,0.000,-42.502,163.90
Land_SKY_Wreck_Sedan,-110.900,0.000,-27.471,270.00
Land_SKY_Wreck_Sedan,-107.000,0.000,-26.571,270.00
Land_SKY_Barrier_Concrete,-103.700,0.000,-27.471,270.00
Land_SKY_Barrier_Concrete,-103.500,0.000,-26.571,90.00
Land_Wreck_offroad02_aban1_DE,-105.897,0.000,-19.389,11.84
Land_Wreck_Volha_Police,-109.731,0.000,-18.557,202.22
Land_SKY_Barrier_Concrete,-112.500,0.000,-15.657,90.00
Land_SKY_Barrier_Concrete,-111.608,0.000,-14.757,90.00
Land_SKY_Wreck_Sedan,-107.008,0.000,-15.657,90.00
Land_SKY_Barrier_Concrete,-103.708,0.000,-14.757,270.00
Land_SKY_Barrier_Concrete,-103.500,0.000,-15.657,270.00
Land_Wreck_sed01_aban1_black_DE,-110.315,0.000,-7.397,350.83
Land_SKY_Wreck_Van,-110.400,0.000,14.040,270.00
Land_SKY_Wreck_Van,-105.500,0.000,14.940,270.00
Land_SKY_Barrier_Concrete,-103.500,0.000,14.040,270.00
Land_Wreck_sed02_aban1_red_DE,-106.027,0.000,6.604,14.12
Land_Wreck_offroad02_aban1_DE,-109.797,0.000,6.791,192.97
Land_SKY_Barrier_Concrete,-112.500,0.000,62.294,90.00
Land_SKY_Wreck_Sedan,-109.200,0.000,63.194,90.00
Land_SKY_Wreck_Sedan,-105.300,0.000,62.294,90.00
Land_SKY_Barrier_Concrete,-104.500,0.000,63.194,90.00
Land_Wreck_sed01_aban1_black_DE,-109.894,0.000,55.535,347.62
Land_SKY_Wreck_Van,-87.341,0.000,-68.600,180.00
Land_SKY_Barrier_Concrete,-86.441,0.000,-72.400,0.00
Land_SKY_Barrier_Concrete,-87.341,0.000,-75.100,180.00
Land_SKY_Barrier_Concrete,-86.441,0.000,-75.500,0.00
Land_Wreck_V3S_DE,-79.031,0.000,-73.700,88.28
Land_Wreck_Ikarus_DE,-79.863,0.000,-69.752,271.86
Land_SKY_Wreck_Sedan,-62.881,0.000,-68.100,0.00
Land_SKY_Barrier_Concrete,-61.981,0.000,-70.470,180.00
Land_SKY_Barrier_Concrete,-62.881,0.000,-74.470,0.00
Land_SKY_Barrier_Concrete,-61.981,0.000,-76.500,0.00
Land_Wreck_hb01_aban1_blue_DE,-55.085,0.000,-73.953,260.63
Land_SKY_Barrier_Concrete,-52.500,0.000,-50.992,90.00
Land_SKY_Barrier_Concrete,-50.632,0.000,-50.092,270.00
Land_SKY_Barrier_Concrete,-46.632,0.000,-50.992,90.00
Land_SKY_Barrier_Concrete,-43.932,0.000,-50.092,270.00
Land_SKY_Barrier_Concrete,-43.500,0.000,-50.992,270.00
Land_Wreck_Ikarus_DE,-50.079,0.000,-43.867,158.81
Land_Wreck_offroad02_aban1_DE,-49.891,0.000,-43.870,156.32
Land_SKY_Wreck_Van,-51.400,0.000,-15.802,270.00
Land_SKY_Barrier_Concrete,-49.684,0.000,-14.902,90.00
Land_SKY_Wreck_Sedan,-45.084,0.000,-15.802,90.00
Land_SKY_Barrier_Concrete,-43.500,0.000,-14.902,90.00
Land_Wreck_hb01_aban1_blue_DE,-50.160,0.000,-7.798,170.53
Land_SKY_Barrier_Concrete,-52.500,0.000,9.149,90.00
Land_SKY_Barrier_Concrete,-52.447,0.000,10.050,270.00
Land_SKY_Wreck_Van,-47.347,0.000,9.149,270.00
Land_SKY_Barrier_Concrete,-43.547,0.000,10.050,270.00
Land_SKY_Barrier_Concrete,-43.500,0.000,9.149,90.00
Land_wreck_truck01_aban1_blue_DE,-50.141,0.000,16.695,21.64
Land_SKY_Wreck_Sedan,-50.900,0.000,20.451,270.00
Land_SKY_Wreck_Van,-46.500,0.000,21.351,270.00
Land_SKY_Barrier_Concrete,-43.500,0.000,20.451,270.00
Land_Wreck_offroad02_aban1_DE,-46.198,0.000,28.375,179.04
Land_wreck_truck01_aban1_blue_DE,-45.846,0.000,28.183,6.17
Land_SKY_Wreck_Sedan,-39.549,0.000,3.900,0.00
Land_SKY_Wreck_Sedan,-38.649,0.000,-0.000,180.00
Land_SKY_Barrier_Concrete,-39.549,0.000,-3.300,0.00
Land_SKY_Barrier_Concrete,-38.649,0.000,-3.500,180.00
Land_Wreck_sed02_aban1_red_DE,-30.939,0.000,-2.171,294.97
Land_SKY_Wreck_Sedan,-27.214,0.000,75.900,0.00
Land_SKY_Barrier_Concrete,-26.314,0.000,74.225,180.00
Land_SKY_Wreck_Van,-27.214,0.000,69.125,0.00
Land_SKY_Barrier_Concrete,-26.314,0.000,67.500,0.00
Land_Wreck_Volha_Police,-18.502,0.000,70.095,77.39
Land_Wreck_V3S_DE,-19.046,0.000,69.681,283.66
Land_SKY_Wreck_Van,-9.674,0.000,2.400,180.00
Land_SKY_Wreck_Sedan,-8.774,0.000,-2.000,180.00
Land_SKY_Barrier_Concrete,-9.674,0.000,-4.500,180.00
Land_Wreck_sed01_aban1_black_DE,-16.312,0.000,2.237,86.87
Land_Wreck_sed02_aban1_red_DE,-17.201,0.000,-1.774,257.49
Land_SKY_Barrier_Concrete,2.469,0.000,4.500,0.00
Land_SKY_Wreck_Sedan,3.369,0.000,1.200,180.00
Land_SKY_Wreck_Sedan,2.469,0.000,-2.700,0.00
Land_SKY_Barrier_Concrete,3.369,0.000,-3.500,180.00
Land_Wreck_hb01_aban1_blue_DE,-5.466,0.000,2.366,250.21
Land_SKY_Barrier_Concrete,7.500,0.000,-57.712,90.00
Land_SKY_Barrier_Concrete,10.200,0.000,-56.812,270.00
Land_SKY_Barrier_Concrete,12.342,0.000,-57.712,90.00
Land_SKY_Barrier_Concrete,16.342,0.000,-56.812,270.00
Land_SKY_Barrier_Concrete,16.500,0.000,-57.712,270.00
Land_Wreck_sed02_aban1_red_DE,10.245,0.000,-65.360,176.13
Land_SKY_Wreck_Sedan,8.100,0.000,-15.475,270.00
Land_SKY_Wreck_Sedan,12.000,0.000,-14.575,90.00
Land_SKY_Barrier_Concrete,15.300,0.000,-15.475,90.00
Land_SKY_Barrier_Concrete,15.500,0.000,-14.575,90.00
Land_Wreck_sed01_aban1_black_DE,14.077,0.000,-7.075,12.08
Land_Wreck_sed02_aban1_red_DE,13.998,0.000,-7.421,185.86
Land_SKY_Wreck_Sedan,9.100,0.000,32.486,90.00
Land_SKY_Barrier_Concrete,12.400,0.000,33.386,90.00
Land_SKY_Barrier_Concrete,15.100,0.000,32.486,270.00
Land_SKY_Barrier_Concrete,16.500,0.000,33.386,270.00
Land_Wreck_Volha_Police,10.055,0.000,40.708,339.94
Land_SKY_Wreck_Sedan,9.100,0.000,44.843,270.00
Land_SKY_Barrier_Concrete,12.400,0.000,45.743,270.00
Land_SKY_Barrier_Concrete,15.100,0.000,44.843,270.00
Land_SKY_Barrier_Concrete,16.500,0.000,45.743,90.00
Land_Wreck_hb01_aban1_blue_DE,10.267,0.000,52.560,19.28
Land_Wreck_Volha_Police,10.182,0.000,53.461,178.29
Land_SKY_Barrier_Concrete,8.500,0.000,61.980,270.00
Land_SKY_Barrier_Concrete,11.200,0.000,62.880,270.00
Land_SKY_Barrier_Concrete,13.900,0.000,61.980,90.00
Land_SKY_Barrier_Concrete,16.500,0.000,62.880,270.00
Land_Wreck_sed01_aban1_black_DE,14.307,0.000,54.624,203.67
Land_Wreck_offroad02_aban1_DE,14.262,0.000,55.296,336.79
Land_SKY_Wreck_Van,26.318,0.000,-69.600,0.00
Land_SKY_Wreck_Van,27.218,0.000,-74.500,180.00
Land_SKY_Barrier_Concrete,26.318,0.000,-76.500,0.00
Land_Wreck_sed01_aban1_black_DE,18.639,0.000,-70.383,249.29
Land_Wreck_sed02_aban1_red_DE,19.864,0.000,-74.281,285.51
Land_SKY_Wreck_Sedan,32.413,0.000,-69.100,0.00
Land_SKY_Wreck_Sedan,33.313,0.000,-73.000,0.00
Land_SKY_Barrier_Concrete,32.413,0.000,-76.300,0.00
Land_SKY_Barrier_Concrete,33.313,0.000,-76.500,0.00
Land_Wreck_sed02_aban1_red_DE,40.367,0.000,-70.325,112.12
Land_SKY_Wreck_Van,38.751,0.000,2.400,180.00
Land_SKY_Barrier_Concrete,39.651,0.000,-1.400,180.00
Land_SKY_Barrier_Concrete,38.751,0.000,-4.100,0.00
Land_SKY_Barrier_Concrete,39.651,0.000,-4.500,0.00
Land_wreck_truck01_aban1_blue_DE,30.857,0.000,2.399,79.13
Land_SKY_Barrier_Concrete,38.252,0.000,75.500,0.00
Land_SKY_Wreck_Sedan,39.152,0.000,72.200,0.00
Land_SKY_Wreck_Sedan,38.252,0.000,68.300,0.00
Land_SKY_Barrier_Concrete,39.152,0.000,67.500,180.00
Land_Wreck_Volha_Police,30.935,0.000,69.604,291.93
Land_SKY_Wreck_Sedan,50.809,0.000,-69.100,0.00
Land_SKY_Barrier_Concrete,51.709,0.000,-72.400,0.00
Land_SKY_Wreck_Sedan,50.809,0.000,-75.700,180.00
Land_SKY_Barrier_Concrete,51.709,0.000,-76.500,0.00
Land_Wreck_sed02_aban1_red_DE,42.714,0.000,-74.203,100.21
Land_SKY_Wreck_Sedan,56.553,0.000,-68.100,180.00
Land_SKY_Barrier_Concrete,57.453,0.000,-69.082,0.00
Land_SKY_Wreck_Van,56.553,0.000,-74.182,0.00
Land_SKY_Barrier_Concrete,57.453,0.000,-76.500,0.00
Land_Wreck_Volha_Police,64.028,0.000,-73.609,88.78
Land_Wreck_sed01_aban1_black_DE,64.407,0.000,-73.962,294.94
Land_SKY_Wreck_Van,56.402,0.000,3.400,180.00
Land_SKY_Barrier_Concrete,57.302,0.000,2.059,0.00
Land_SKY_Wreck_Van,56.402,0.000,-3.041,0.00
Land_SKY_Barrier_Concrete,57.302,0.000,-4.500,0.00
Land_Wreck_V3S_DE,65.191,0.000,2.308,67.81
Land_SKY_Wreck_Sedan,86.595,0.000,-68.100,0.00
Land_SKY_Wreck_Sedan,87.495,0.000,-72.000,0.00
Land_SKY_Barrier_Concrete,86.595,0.000,-75.300,180.00
Land_SKY_Barrier_Concrete,87.495,0.000,-75.500,180.00
Land_Wreck_hb01_aban1_blue_DE,79.184,0.000,-73.987,97.59
Land_Wreck_V3S_DE,79.710,0.000,-73.818,75.75
Land_SKY_Wreck_Sedan,80.161,0.000,3.900,0.00
Land_SKY_Barrier_Concrete,81.061,0.000,0.600,180.00
Land_SKY_Barrier_Concrete,80.161,0.000,-0.378,0.00
Land_SKY_Barrier_Concrete,81.061,0.000,-4.378,180.00
Land_SKY_Barrier_Concrete,80.161,0.000,-4.500,180.00
Land_Wreck_sed01_aban1_black_DE,89.296,0.000,-2.122,279.70
Land_Wreck_sed01_aban1_black_DE,88.376,0.000,1.956,95.05
Land_SKY_Wreck_Van,93.600,0.000,-39.242,90.00
Land_SKY_Wreck_Van,98.500,0.000,-38.342,270.00
Land_SKY_Barrier_Concrete,100.500,0.000,-39.242,270.00
Land_Wreck_hb01_aban1_blue_DE,98.064,0.000,-31.170,6.98
Land_Wreck_hb01_aban1_blue_DE,98.180,0.000,-31.186,170.98
Land_SKY_Barrier_Concrete,91.500,0.000,-15.439,90.00
Land_SKY_Barrier_Concrete,91.587,0.000,-14.539,90.00
Land_SKY_Wreck_Van,96.687,0.000,-15.439,270.00
Land_SKY_Barrier_Concrete,100.487,0.000,-14.539,270.00
Land_SKY_Barrier_Concrete,100.500,0.000,-15.439,270.00
Land_Wreck_V3S_DE,94.374,0.000,-6.522,169.49
Land_SKY_Barrier_Concrete,91.500,0.000,32.525,90.00
Land_SKY_Wreck_Van,95.300,0.000,33.425,270.00
Land_SKY_Barrier_Concrete,99.100,0.000,32.525,270.00
Land_SKY_Barrier_Concrete,99.500,0.000,33.425,270.00
Land_wreck_truck01_aban1_blue_DE,98.349,0.000,41.227,359.15
Land_Wreck_offroad02_aban1_DE,98.005,0.000,40.985,184.26
Land_SKY_Wreck_Van,92.600,0.000,50.521,90.00
Land_SKY_Barrier_Concrete,95.242,0.000,51.421,90.00
Land_SKY_Barrier_Concrete,99.242,0.000,50.521,270.00
Land_SKY_Barrier_Concrete,100.500,0.000,51.421,90.00
Land_Wreck_sed01_aban1_black_DE,97.958,0.000,43.526,340.15
Land_Wreck_Volha_Police,94.365,0.000,43.330,356.27
Land_SKY_Barrier_Concrete,91.500,0.000,56.960,90.00
Land_SKY_Barrier_Concrete,91.822,0.000,57.860,90.00
Land_SKY_Wreck_Sedan,96.422,0.000,56.960,270.00
Land_SKY_Barrier_Concrete,99.722,0.000,57.860,270.00
Land_SKY_Barrier_Concrete,100.500,0.000,56.960,90.00
Land_Wreck_V3S_DE,94.172,0.000,64.448,340.23
Land_SKY_Barrier_Concrete,105.002,0.000,-67.500,0.00
Land_SKY_Barrier_Concrete,105.902,0.000,-68.671,0.00
Land_SKY_Wreck_Sedan,105.002,0.000,-73.271,180.00
Land_SKY_Barrier_Concrete,105.902,0.000,-76.500,180.00
Land_Wreck_offroad02_aban1_DE,112.560,0.000,-70.164,109.81
Land_SKY_SirenTower,-46.000,0.150,5.000,0.00
Land_SKY_SirenTower,58.000,0.150,5.000,0.00
Land_SKY_Wreck_CityBus,30.000,0.150,-64.000,90.00
Land_SKY_Wreck_CityBus,-14.000,0.150,-98.000,12.00
Land_SKY_Fair_Gate,-78.000,0.150,-58.000,0.00
Land_SKY_Fair_FerrisWheel,-78.000,0.150,-24.000,0.00
Land_SKY_Fair_Carousel,-91.000,0.150,-42.000,0.00
Land_SKY_Fair_BumperCars,-66.000,0.150,-42.000,0.00
Land_SKY_Fair_Booth,-84.000,0.150,-52.000,0.00
Land_SKY_Fair_Booth,-72.000,0.150,-52.000,0.00
Land_SKY_Fair_Booth,-57.000,0.150,-30.000,270.00
Land_SKY_Veg_Birch,-98.000,0.150,-17.000,0.00
Land_SKY_Veg_Birch,-59.000,0.150,-55.000,0.00
Land_SKY_Veg_TreeDead,-99.000,0.150,-54.000,0.00
Land_SKY_Veg_Bush,-58.000,0.150,-16.000,0.00
Land_SKY_Veg_Weeds,-81.000,0.150,-48.000,0.00
Land_SKY_Veg_Weeds,-74.000,0.150,-34.000,0.00
Land_SKY_TrashBin,-81.000,0.150,-55.000,0.00
Land_SKY_TrashBin,-75.000,0.150,-55.000,0.00
Land_SKY_Landfill,-18.000,0.150,-36.000,0.00
Land_SKY_Wreck_GarbageTruck,-2.000,0.150,-58.000,90.00
Land_SKY_Dumpster,-26.000,0.150,-58.500,0.00
Land_SKY_Dumpster,-23.500,0.150,-58.500,0.00
Land_SKY_Veg_Birch,2.000,0.150,-14.000,0.00
Land_SKY_Veg_TreeDead,-38.000,0.150,-14.000,0.00
Land_SKY_RatNest,-32.000,0.150,-13.500,0.00
Land_SKY_RatNest,-12.000,0.150,-13.500,0.00
Land_SKY_HorseCarcass,-16.000,0.150,-58.400,90.00
Land_SKY_Stadium_Pitch,54.000,0.150,-42.000,0.00
Land_SKY_Stadium_Stand,54.000,0.150,-14.000,0.00
Land_SKY_City_Clubhouse_Intact,30.000,0.150,-12.000,0.00
Land_SKY_Stadium_Floodlight,88.000,0.150,-62.000,90.00
Land_SKY_Stadium_Floodlight,88.000,0.150,-22.000,90.00
Land_SKY_Stadium_Floodlight,20.000,0.150,-62.000,270.00
Land_SKY_Stadium_Floodlight,20.000,0.150,-22.000,270.00
Land_SKY_Veg_Birch,80.000,0.150,-11.000,0.00
Land_SKY_Veg_Weeds,71.000,0.150,-11.000,0.00
Land_SKY_Bridge_Long,6.000,0.000,-132.000,90.00
Land_SKY_City_Cinema_Intact,-90.000,0.150,32.500,0.00
Land_SKY_City_Kindergarten_Damaged,-66.000,0.150,28.500,0.00
Land_SKY_City_ChurchHanged_Intact,-66.000,0.150,53.000,180.00
Land_SKY_City_Bar_Intact,-90.000,0.150,58.000,180.00
Land_SKY_City_Kiosk_Damaged,-56.000,0.150,64.300,180.00
Land_SKY_City_ShopRow_Ruined,-77.500,0.150,58.500,180.00
Land_SKY_City_MetroEntrance_A,-99.500,0.150,62.500,180.00
Land_SKY_Veg_Weeds,-76.516,0.150,39.646,0.00
Land_SKY_City_Hypermarket_Intact,-18.000,0.150,22.500,0.00
Land_SKY_City_RubbleLot_C,-0.500,0.150,59.500,180.00
Land_SKY_City_AptBlockBrick_Damaged,-17.000,0.150,59.500,180.00
Land_SKY_City_ShopRowMarket_Damaged,-32.000,0.150,58.500,180.00
Land_SKY_City_Kiosk_Intact,-39.500,0.150,64.300,180.00
Land_SKY_City_Rowhouse_Damaged,-35.500,0.150,46.400,90.00
Land_SKY_City_RubbleLot_B,-0.500,0.150,46.000,270.00
Land_SKY_Veg_Weeds,-39.291,0.150,58.414,180.00
Land_SKY_Veg_Weeds,-12.841,0.150,40.794,0.00
Land_SKY_Veg_TreeDead,-12.942,0.150,48.289,90.00
Land_SKY_Veg_Bush,-23.423,0.150,48.101,0.00
Land_SKY_Veg_Bush,-19.314,0.150,42.563,0.00
Land_SKY_Veg_Weeds,-9.509,0.150,50.297,180.00
Land_SKY_City_Mall_Damaged,54.000,0.150,26.500,0.00
Land_SKY_City_Kiosk_Intact,20.000,0.150,7.700,0.00
Land_SKY_City_ShopRow_Ruined,85.000,0.150,58.500,180.00
Land_SKY_City_SupermarketSmall_Intact,70.000,0.150,58.500,180.00
Land_SKY_City_AptBlock_Intact,50.500,0.150,59.500,180.00
Land_SKY_City_ShopRow_Intact,35.500,0.150,58.500,180.00
Land_SKY_City_ShopRow_Intact,26.500,0.150,58.500,180.00
Land_SKY_Veg_Weeds,24.097,0.150,20.974,180.00
Land_SKY_Veg_Weeds,20.177,0.150,36.198,270.00
Land_SKY_Veg_Weeds,32.333,0.150,48.362,90.00
Land_SKY_Veg_Bush,44.320,0.150,49.597,90.00
Land_SKY_Veg_Weeds,20.292,0.150,42.795,180.00
Land_SKY_Veg_Bush,50.397,0.150,49.541,180.00
Land_SKY_Veg_Weeds,57.073,0.150,48.922,90.00
